{
  "ABC": 59.99,
  "ACP": 0.014931,
  "ACT": 0.0017,
  "ACT*": 0.017178,
  "ADA": 1.044894,
  "ADCN": 0.00013,
  "ADL": 0.01515,
  "ADX": 0.224745,
  "ADZ": 0.0023,
  "AE": 0.055022,
  "AGI": 0.251,
  "AIB": 0.005626,
  "AIDOC": 0.004302,
  "AION": 0.001405,
  "AIR": 0.0058,
  "ALT": 0.602,
  "AMB": 0.007378,
  "AMM": 0.0033,
  "ANT": 1.5,
  "APC": 0.0017,
  "APPC": 0.000884,
  "ARC": 0.0169,
  "ARCT": 0.00061,
  "ARDR": 0.102724,
  "ARK": 0.510972,
  "ARN": 0.000849,
  "ASAFE2": 0.4,
  "AST": 0.1099,
  "ATB": 0.017,
  "ATM": 1.8001,
  "AURS": 0.352867,
  "AVAX": 35.6998,
  "AVT": 0.77,
  "BAR": 2.635,
  "BASH": 0.0056,
  "BAT": 0.276574,
  "BAY": 0.0644,
  "BBP": 0.0005,
  "BCD": 0.073585,
  "BCH": 537.076012,
  "BCN": 0.00004503767492349046,
  "BCPT": 0.000926,
  "BEE": 0.0000010,
  "BIO": 0.0008,
  "BLC": 0.072132,
  "BLOCK": 0.18,
  "BLU": 0.00054,
  "BLZ": 0.156133,
  "BMC": 0.003798,
  "BNB": 689.272971,
  "BNT": 0.7256,
  "BOST": 0.048,
  "BQ": 0.00007775,
  "BQX": 2.720931,
  "BRD": 3.633948,
  "BRIT": 0.03,
  "BT1": 0.0,
  "BT2": 0.0,
  "BTC": 98101.554401,
  "BTCA": 0.00036,
  "BTCS": 0.01201,
  "BTCZ": 0.00009824859597814032,
  "BTG": 27.981004,
  "BTLC": 9.0,
  "BTM": 0.078282,
  "BTM*": 0.122609,
  "BTQ": 0.01,
  "BTS": 0.003165,
  "BTX": 0.061954,
  "BURST": 0.017348,
  "CALC": 0.0006,
  "CAS": 0.007,
  "CAT": 0.00004463269150097571,
  "CCRB": 0.08888,
  "CDT": 0.266326,
  "CESC": 0.0037,
  "CHAT": 1.301851,
  "CJ": 0.000898,
  "CL": 0.028,
  "CLD": 0.02,
  "CLOAK": 10.0,
  "CMT*": 0.03954,
  "CND": 0.000319,
  "CNX": 1.996594,
  "CPC": 0.0005,
  "CRAVE": 0.4,
  "CRC": 0.08475,
  "CRE": 1.316485,
  "CRW": 0.02202,
  "CTO": 0.005,
  "CTR": 0.000765,
  "CVC": 0.161458,
  "DAS": 0.937816,
  "DASH": 46.866889,
  "DAT": 0.001301,
  "DATA": 0.0,
  "DBC": 0.003729,
  "DBET": 0.027656,
  "DCN": 0.00000142,
  "DCR": 20.691554,
  "DCT": 0.099231,
  "DEEP": 0.001,
  "DENT": 0.001479,
  "DGB": 0.01509,
  "DGD": 1080.734552,
  "DIM": 0.000094957,
  "DIME": 0.000030,
  "DMD": 0.58782,
  "DNT": 0.0692,
  "DOGE": 0.39497,
  "DRGN": 0.059318,
  "DRZ": 3.0,
  "DSH": 252.13175,
  "DTA": 0.000003251541011110697,
  "EC": 50.0,
  "EDG": 0.003046,
  "EDO": 0.61442,
  "EDR": 0.00023,
  "EKO": 0.0000004702228535785424,
  "ELA": 2.850059,
  "ELF": 0.399148,
  "EMC": 0.079345,
  "EMGO": 0.43382,
  "ENG": 0.000982,
  "ENJ": 0.364321,
  "EOS": 1.060604,
  "ERT": 0.2054,
  "ETC": 31.760142,
  "ETH": 3703.341115,
  "ETN": 0.003631,
  "ETP": 0.005331,
  "ETT": 2.9,
  "EVR": 0.104931,
  "EVX": 0.002492,
  "FCT": 0.048191,
  "FLP": 0.015,
  "FOTA": 0.00008003793252400721,
  "FRST": 0.78001,
  "FUEL": 22.07046,
  "FUN": 0.004843,
  "FUNC": 0.00061,
  "FUTC": 0.004,
  "GAME": 0.004912,
  "GAS": 5.341815,
  "GBYTE": 30.457065,
  "GMX": 54.5,
  "GNO": 231.67495,
  "GNT": 0.0000000100047415726483,
  "GNX": 0.000692,
  "GRC": 0.0067,
  "GRS": 10.0,
  "GRWI": 10000.0,
  "GTC": 1.032711,
  "GTO": 0.119077,
  "GUP": 0.03144,
  "GVT": 12.12486,
  "GXS": 1.067152,
  "HAC": 0.049124,
  "HNC": 0.0,
  "HSR": 10.831507,
  "HST": 0.0027,
  "HVN": 0.03529,
  "ICN": 0.145269,
  "ICOS": 17.0,
  "ICX": 0.21917,
  "IGNIS": 0.004682,
  "ILC": 0.098703,
  "INK": 0.00061,
  "INS": 2.42674,
  "INSN": 0.0473,
  "INT": 0.000316,
  "IOP": 15.455555,
  "IOST": 0.008271,
  "ITC": 0.02142,
  "KCS": 5.33,
  "KICK": 0.000324,
  "KIN": 0.00001017,
  "KLC": 0.000703,
  "KMD": 0.332859,
  "KNC": 0.658409,
  "KRB": 6.0,
  "LA": 0.032619,
  "LEND": 4.599017,
  "LEO": 8.79178,
  "LINDA": 0.000271,
  "LINK": 23.3076,
  "LOC": 0.12,
  "LOG": 0.060174,
  "LRC": 0.286313,
  "LSK": 1.115395,
  "LTC": 113.225965,
  "LUN": 0.020632,
  "LUX": 0.00000209,
  "MAID": 0.469633,
  "MANA": 0.619104,
  "MCAP": 0.005398,
  "MCO": 0.845401,
  "MDA": 0.017908,
  "MDS": 0.000112,
  "MIOTA": 0.190741,
  "MKR": 1968.7935,
  "MLN": 15.457,
  "MNX": 0.028649,
  "MOD": 0.338054,
  "MOIN": 0.033073,
  "MONA": 0.334165,
  "MTL": 1.321758,
  "MTN*": 0.009575,
  "MTX": 0.000701,
  "NAS": 0.004099,
  "NAV": 0.0415,
  "NBT": 0.001716,
  "NDC": 0.008989,
  "NEBL": 0.009993,
  "NEO": 17.444134,
  "NEU": 0.024194,
  "NEWB": 0.002604,
  "NGC": 0.027451,
  "NKC": 0.038763,
  "NLC2": 0.599935,
  "NMC": 5.867998,
  "NMR": 17.729718,
  "NULS": 0.488659,
  "NVC": 10.0,
  "NXT": 0.000953,
  "OAX": 0.193,
  "OBITS": 0.015,
  "OC": 0.000407,
  "OCN": 0.00003808802092662691,
  "ODN": 0.5,
  "OK": 0.011318,
  "OMG": 0.46742,
  "OMNI": 1.1,
  "ORE": 0.0,
  "ORME": 1.235715,
  "OST": 0.000224,
  "OTN": 0.0,
  "OTX": 0.023,
  "OXY": 0.0146,
  "PART": 3.951477,
  "PAY": 0.008753,
  "PBT": 51.017183,
  "PCS": 0.019961,
  "PIVX": 0.299244,
  "PIZZA": 0.001,
  "PLBT": 20.0,
  "PLR": 0.00311,
  "POE": 0.00000264841681022289,
  "POLY": 0.1246,
  "POSW": 0.48712,
  "POWR": 0.285337,
  "PPC": 0.37,
  "PPT": 0.041264,
  "PPY": 5.45,
  "PRC": 0.000030,
  "PRES": 0.219998,
  "PRG": 2.007405,
  "PRL": 1.374112,
  "PRO": 1.417,
  "PURA": 0.25,
  "PUT": 0.0,
  "QASH": 0.015277,
  "QAU": 0.0,
  "QSP": 0.001201,
  "QTUM": 3.984233,
  "QUN": 0.008318,
  "R": 0.01052,
  "RBIES": 1.0,
  "RCN": 0.000927,
  "RDD": 0.00008303935499365748,
  "RDN": 0.0,
  "RDN*": 0.324446,
  "REBL": 0.000785,
  "REE": 0.000010,
  "REP": 0.585,
  "REQ": 0.12445,
  "REV": 0.000018,
  "RGC": 0.001,
  "RHOC": 0.178417,
  "RIYA": 0.090025,
  "RKC": 5.0,
  "RLC": 2.383507,
  "RPX": 0.061017,
  "RUFF": 0.000221,
  "SALT": 0.768708,
  "SAN": 0.044729,
  "SBC": 7.0,
  "SC": 0.006322,
  "SENT": 0.001,
  "SHIFT": 0.0,
  "SIB": 5.177,
  "SMART": 0.000026,
  "SMLY": 0.000060,
  "SMT*": 0.011226,
  "SNC": 0.047115,
  "SNGLS": 0.00006877401692406217,
  "SNM": 0.001815,
  "SNT": 0.053312,
  "SOL": 230.41795,
  "SPK": 0.0084,
  "SRN": 0.0000884237360452228,
  "STEEM": 0.246857,
  "STK": 0.103161,
  "STORJ": 0.497,
  "STRAT": 0.63864,
  "STU": 0.00019,
  "STX": 2.320779,
  "SUB": 0.000135,
  "SUR": 0.01,
  "SWFTC": 0.009919,
  "SYS": 0.14402,
  "TAAS": 10.0,
  "TESLA": 0.019139,
  "THC": 0.000982,
  "THETA": 2.502811,
  "THS": 0.00171,
  "TIO": 0.085,
  "TKN": 0.0,
  "TKY": 0.000997,
  "TNB": 0.00002501185393162075,
  "TNT": 0.009161,
  "TOA": 0.002397,
  "TRC": 6.2,
  "TRIG": 6.186747,
  "TRST": 0.04799,
  "TRUMP": 0.055,
  "TRX": 0.275613,
  "UBQ": 0.009825,
  "UNO": 13.4,
  "UNRC": 0.000060,
  "UQC": 8.0,
  "USDT": 0.994631,
  "UTK": 0.051043,
  "UTT": 0.00358,
  "VEE": 0.005355,
  "VEN": 20.244276,
  "VERI": 23.736235,
  "VIA": 0.013755,
  "VIB": 0.076011,
  "VIBE": 0.000619,
  "VOISE": 0.00018,
  "VOX": 0.200095,
  "VRS": 0.1375,
  "VTC": 0.065281,
  "VUC": 0.000099,
  "WABI": 0.001701,
  "WAVES": 1.918196,
  "WAX": 0.0492,
  "WC": 0.045,
  "WGR": 8235422965.476972,
  "WINGS": 0.00000982485959781403,
  "WLK": 0.0058,
  "WOP": 0.046453,
  "WPR": 0.04073,
  "WRC": 0.002301,
  "WTC": 0.004702,
  "XAUR": 0.10301,
  "XBP": 0.0027,
  "XBY": 0.2889,
  "XCP": 6.63178,
  "XCXT": 0.095658,
  "XDN": 0.00002372024173619587,
  "XEM": 0.030448,
  "XGB": 0.0015,
  "XHI": 0.001325,
  "XID": 0.010924,
  "XLM": 0.420121,
  "XMR": 189.503366,
  "XNC": 0.00018,
  "XRB": 20.542692,
  "XRP": 2.380498,
  "XTO": 0.324858,
  "XTZ": 1.43205,
  "XUC": 0.00082,
  "XVG": 0.011078,
  "XZC": 4.96985,
  "YEE": 0.00000200094831310018,
  "YOC": 0.00012,
  "YOYOW": 0.00786,
  "ZBC": 0.01006,
  "ZCL": 1.288269,
  "ZEC": 60.313557,
  "ZEN": 13.592274,
  "ZIL": 0.026934,
  "ZNY": 0.02,
  "ZRX": 0.581675,
  "ZSC": 0.00006629,
  "611": 0.389165
}