{
  "ABC": 59.99,
  "ACP": 0.014931,
  "ACT": 0.0017,
  "ACT*": 0.017178,
  "ADA": 1.075331,
  "ADCN": 0.00013,
  "ADL": 0.01515,
  "ADX": 0.229165,
  "ADZ": 0.0023,
  "AE": 0.054225,
  "AGI": 0.251,
  "AIB": 0.005626,
  "AIDOC": 0.004301,
  "AION": 0.001404,
  "AIR": 0.0058,
  "ALT": 0.602,
  "AMB": 0.007502,
  "AMM": 0.0033,
  "ANT": 1.5,
  "APC": 0.0017,
  "APPC": 0.00089,
  "ARC": 0.0169,
  "ARCT": 0.00061,
  "ARDR": 0.103854,
  "ARK": 0.515699,
  "ARN": 0.000849,
  "ASAFE2": 0.4,
  "AST": 0.1103,
  "ATB": 0.017,
  "ATM": 1.8001,
  "AURS": 0.352867,
  "AVAX": 35.6998,
  "AVT": 0.77,
  "BAR": 2.635,
  "BASH": 0.0056,
  "BAT": 0.282006,
  "BAY": 0.0644,
  "BBP": 0.0005,
  "BCD": 0.075606,
  "BCH": 536.419519,
  "BCN": 0.00004503477761027919,
  "BCPT": 0.000926,
  "BEE": 0.0000010,
  "BIO": 0.0008,
  "BLC": 0.072132,
  "BLOCK": 0.18,
  "BLU": 0.00054,
  "BLZ": 0.16029,
  "BMC": 0.003816,
  "BNB": 689.212543,
  "BNT": 0.72999,
  "BOST": 0.048,
  "BQ": 0.00007775,
  "BQX": 2.720931,
  "BRD": 3.6498,
  "BRIT": 0.03,
  "BT1": 0.0,
  "BT2": 0.0,
  "BTC": 98663.319758,
  "BTCA": 0.00036,
  "BTCS": 0.01201,
  "BTCZ": 0.00009895045851426351,
  "BTG": 28.302324,
  "BTLC": 9.0,
  "BTM": 0.078282,
  "BTM*": 0.122609,
  "BTQ": 0.01,
  "BTS": 0.003186,
  "BTX": 0.062242,
  "BURST": 0.017348,
  "CALC": 0.0006,
  "CAS": 0.007,
  "CAT": 0.00004503461844514178,
  "CCRB": 0.08888,
  "CDT": 0.266292,
  "CESC": 0.0037,
  "CHAT": 1.344952,
  "CJ": 0.000898,
  "CL": 0.028,
  "CLD": 0.02,
  "CLOAK": 10.0,
  "CMT*": 0.03954,
  "CND": 0.000319,
  "CNX": 1.996594,
  "CPC": 0.0005,
  "CRAVE": 0.4,
  "CRC": 0.08475,
  "CRE": 1.316485,
  "CRW": 0.02202,
  "CTO": 0.005,
  "CTR": 0.000758,
  "CVC": 0.15813,
  "DAS": 0.937816,
  "DASH": 46.885169,
  "DAT": 0.0013,
  "DATA": 0.0,
  "DBC": 0.003707,
  "DBET": 0.027656,
  "DCN": 0.00000142,
  "DCR": 20.801172,
  "DCT": 0.09994,
  "DEEP": 0.001,
  "DENT": 0.001479,
  "DGB": 0.015515,
  "DGD": 1088.548646,
  "DIM": 0.000094957,
  "DIME": 0.000030,
  "DMD": 0.58782,
  "DNT": 0.0689,
  "DOGE": 0.394799,
  "DRGN": 0.0593,
  "DRZ": 3.0,
  "DSH": 252.13175,
  "DTA": 0.000003251122758939738,
  "EC": 50.0,
  "EDG": 0.003067,
  "EDO": 0.61442,
  "EDR": 0.00023,
  "EKO": 0.0000004701623682160133,
  "ELA": 2.897999,
  "ELF": 0.411078,
  "EMC": 0.077924,
  "EMGO": 0.43382,
  "ENG": 0.000989,
  "ENJ": 0.368924,
  "EOS": 1.068468,
  "ERT": 0.2054,
  "ETC": 33.201898,
  "ETH": 3716.181537,
  "ETN": 0.003665,
  "ETP": 0.00533,
  "ETT": 2.9,
  "EVR": 0.104931,
  "EVX": 0.002492,
  "FCT": 0.049157,
  "FLP": 0.015,
  "FOTA": 0.00008002763714315121,
  "FRST": 0.78001,
  "FUEL": 22.067621,
  "FUN": 0.004937,
  "FUNC": 0.00061,
  "FUTC": 0.004,
  "GAME": 0.005031,
  "GAS": 5.44453,
  "GBYTE": 30.674642,
  "GMX": 54.5,
  "GNO": 231.31495,
  "GNT": 0.0000000100034546428915,
  "GNX": 0.000663,
  "GRC": 0.0067,
  "GRS": 10.0,
  "GRWI": 10000.0,
  "GTC": 1.044127,
  "GTO": 0.119938,
  "GUP": 0.031661,
  "GVT": 12.210131,
  "GXS": 1.067152,
  "HAC": 0.049475,
  "HNC": 0.0,
  "HSR": 10.831507,
  "HST": 0.0027,
  "HVN": 0.03529,
  "ICN": 0.14525,
  "ICOS": 17.0,
  "ICX": 0.220943,
  "IGNIS": 0.004682,
  "ILC": 0.098703,
  "INK": 0.000617,
  "INS": 2.443807,
  "INSN": 0.0473,
  "INT": 0.000316,
  "IOP": 15.455555,
  "IOST": 0.008422,
  "ITC": 0.021417,
  "KCS": 5.33,
  "KICK": 0.000324,
  "KIN": 0.00001017,
  "KLC": 0.000703,
  "KMD": 0.339012,
  "KNC": 0.668696,
  "KRB": 6.0,
  "LA": 0.032852,
  "LEND": 4.631361,
  "LEO": 8.79178,
  "LINDA": 0.000271,
  "LINK": 23.514713,
  "LOC": 0.12,
  "LOG": 0.060174,
  "LRC": 0.289663,
  "LSK": 1.129324,
  "LTC": 113.546321,
  "LUN": 0.02078,
  "LUX": 0.00000209,
  "MAID": 0.47136,
  "MANA": 0.657194,
  "MCAP": 0.005398,
  "MCO": 0.845292,
  "MDA": 0.018006,
  "MDS": 0.00012,
  "MIOTA": 0.196786,
  "MKR": 1990.5295,
  "MLN": 15.457,
  "MNX": 0.028649,
  "MOD": 0.339623,
  "MOIN": 0.033073,
  "MONA": 0.321599,
  "MTL": 1.351459,
  "MTN*": 0.009575,
  "MTX": 0.000701,
  "NAS": 0.004098,
  "NAV": 0.041544,
  "NBT": 0.001716,
  "NDC": 0.008989,
  "NEBL": 0.009865,
  "NEO": 17.669803,
  "NEU": 0.024194,
  "NEWB": 0.002604,
  "NGC": 0.027451,
  "NKC": 0.038763,
  "NLC2": 0.599935,
  "NMC": 5.867998,
  "NMR": 17.941899,
  "NULS": 0.510458,
  "NVC": 10.0,
  "NXT": 0.00096,
  "OAX": 0.193,
  "OBITS": 0.015,
  "OC": 0.000407,
  "OCN": 0.00003808315182548794,
  "ODN": 0.5,
  "OK": 0.011399,
  "OMG": 0.469864,
  "OMNI": 1.1,
  "ORE": 0.0,
  "ORME": 1.235715,
  "OST": 0.000224,
  "OTN": 0.0,
  "OTX": 0.023,
  "OXY": 0.0146,
  "PART": 3.951477,
  "PAY": 0.008752,
  "PBT": 51.254021,
  "PCS": 0.019961,
  "PIVX": 0.304896,
  "PIZZA": 0.001,
  "PLBT": 20.0,
  "PLR": 0.00311,
  "POE": 0.00000264841681022289,
  "POLY": 0.1246,
  "POSW": 0.48712,
  "POWR": 0.290785,
  "PPC": 0.37,
  "PPT": 0.041563,
  "PPY": 5.45,
  "PRC": 0.000030,
  "PRES": 0.219998,
  "PRG": 2.016169,
  "PRL": 1.380492,
  "PRO": 1.4128,
  "PURA": 0.25,
  "PUT": 0.0,
  "QASH": 0.015275,
  "QAU": 0.0,
  "QSP": 0.001201,
  "QTUM": 4.02221,
  "QUN": 0.008318,
  "R": 0.01052,
  "RBIES": 1.0,
  "RCN": 0.000927,
  "RDD": 0.00008302867353601938,
  "RDN": 0.0,
  "RDN*": 0.324446,
  "REBL": 0.000785,
  "REE": 0.000010,
  "REP": 0.592,
  "REQ": 0.1248,
  "REV": 0.000018,
  "RGC": 0.001,
  "RHOC": 0.178417,
  "RIYA": 0.090025,
  "RKC": 5.0,
  "RLC": 2.399866,
  "RPX": 0.061017,
  "RUFF": 0.000221,
  "SALT": 0.768708,
  "SAN": 0.044924,
  "SBC": 7.0,
  "SC": 0.006375,
  "SENT": 0.001,
  "SHIFT": 0.0,
  "SIB": 5.177,
  "SMART": 0.000026,
  "SMLY": 0.000060,
  "SMT*": 0.011226,
  "SNC": 0.047267,
  "SNGLS": 0.0000692712774759525,
  "SNM": 0.001815,
  "SNT": 0.053312,
  "SOL": 231.04865,
  "SPK": 0.0084,
  "SRN": 0.00008906307104051037,
  "STEEM": 0.251671,
  "STK": 0.103887,
  "STORJ": 0.573174,
  "STRAT": 0.63864,
  "STU": 0.00019,
  "STX": 2.340756,
  "SUB": 0.000135,
  "SUR": 0.01,
  "SWFTC": 0.009985,
  "SYS": 0.146019,
  "TAAS": 10.0,
  "TESLA": 0.019139,
  "THC": 0.00099,
  "THETA": 2.575697,
  "THS": 0.00171,
  "TIO": 0.085,
  "TKN": 0.0,
  "TKY": 0.001004,
  "TNB": 0.00002500863660722875,
  "TNT": 0.009159,
  "TOA": 0.002397,
  "TRC": 6.2,
  "TRIG": 6.186747,
  "TRST": 0.04799,
  "TRUMP": 0.055,
  "TRX": 0.277891,
  "UBQ": 0.009895,
  "UNO": 13.4,
  "UNRC": 0.000060,
  "UQC": 8.0,
  "USDT": 0.994061,
  "UTK": 0.051499,
  "UTT": 0.00358,
  "VEE": 0.005393,
  "VEN": 20.334301,
  "VERI": 23.736235,
  "VIA": 0.013853,
  "VIB": 0.076299,
  "VIBE": 0.000623,
  "VOISE": 0.00018,
  "VOX": 0.200069,
  "VRS": 0.1375,
  "VTC": 0.065037,
  "VUC": 0.000099,
  "WABI": 0.001701,
  "WAVES": 1.934357,
  "WAX": 0.0492,
  "WC": 0.045,
  "WGR": 8294254695.244213,
  "WINGS": 0.00000989504585142635,
  "WLK": 0.0058,
  "WOP": 0.046453,
  "WPR": 0.04073,
  "WRC": 0.002301,
  "WTC": 0.004702,
  "XAUR": 0.10301,
  "XBP": 0.0027,
  "XBY": 0.2889,
  "XCP": 6.679156,
  "XCXT": 0.095658,
  "XDN": 0.00002371719061283146,
  "XEM": 0.031253,
  "XGB": 0.0015,
  "XHI": 0.001325,
  "XID": 0.010924,
  "XLM": 0.426505,
  "XMR": 191.444179,
  "XNC": 0.00018,
  "XRB": 20.542692,
  "XRP": 2.386565,
  "XTO": 0.324858,
  "XTZ": 1.467933,
  "XUC": 0.00082,
  "XVG": 0.011728,
  "XZC": 4.96985,
  "YEE": 0.00000200069092857878,
  "YOC": 0.00012,
  "YOYOW": 0.007915,
  "ZBC": 0.01006,
  "ZCL": 1.288269,
  "ZEC": 61.634427,
  "ZEN": 13.704539,
  "ZIL": 0.027274,
  "ZNY": 0.02,
  "ZRX": 0.58406,
  "ZSC": 0.00006629,
  "611": 0.389165
}