{
  "BTC": 9768.450732,
  "ETH": 243.764184
}