{
  "ABC": 59.99,
  "ACP": 0.014931,
  "ACT": 0.0017,
  "ACT*": 0.017178,
  "ADA": 1.007204,
  "ADCN": 0.00013,
  "ADL": 0.01515,
  "ADX": 0.218678,
  "ADZ": 0.0023,
  "AE": 0.054546,
  "AGI": 0.251,
  "AIB": 0.005626,
  "AIDOC": 0.004301,
  "AION": 0.001404,
  "AIR": 0.0058,
  "ALT": 0.602,
  "AMB": 0.007346,
  "AMM": 0.0033,
  "ANT": 1.5,
  "APC": 0.0017,
  "APPC": 0.000882,
  "ARC": 0.0169,
  "ARCT": 0.00061,
  "ARDR": 0.100741,
  "ARK": 0.505484,
  "ARN": 0.000849,
  "ASAFE2": 0.4,
  "AST": 0.1069,
  "ATB": 0.017,
  "ATM": 1.8001,
  "AURS": 0.352867,
  "AVAX": 35.6998,
  "AVT": 0.77,
  "BAR": 2.635,
  "BASH": 0.0056,
  "BAT": 0.26999,
  "BAY": 0.0644,
  "BBP": 0.0005,
  "BCD": 0.068405,
  "BCH": 527.626547,
  "BCN": 0.00004421972034053478,
  "BCPT": 0.000926,
  "BEE": 0.0000010,
  "BIO": 0.0008,
  "BLC": 0.072132,
  "BLOCK": 0.18,
  "BLU": 0.00054,
  "BLZ": 0.15413,
  "BMC": 0.003773,
  "BNB": 695.778599,
  "BNT": 0.723362,
  "BOST": 0.048,
  "BQ": 0.00007775,
  "BQX": 2.720931,
  "BRD": 3.610142,
  "BRIT": 0.03,
  "BT1": 0.0,
  "BT2": 0.0,
  "BTC": 97911.688048,
  "BTCA": 0.00036,
  "BTCS": 0.01201,
  "BTCZ": 0.0000980154145260505,
  "BTG": 27.179709,
  "BTLC": 9.0,
  "BTM": 0.078282,
  "BTM*": 0.122609,
  "BTQ": 0.01,
  "BTS": 0.00308,
  "BTX": 0.06154,
  "BURST": 0.017348,
  "CALC": 0.0006,
  "CAS": 0.007,
  "CAT": 0.0000452466177817409,
  "CCRB": 0.08888,
  "CDT": 0.272259,
  "CESC": 0.0037,
  "CHAT": 1.340746,
  "CJ": 0.000898,
  "CL": 0.028,
  "CLD": 0.02,
  "CLOAK": 10.0,
  "CMT*": 0.03954,
  "CND": 0.000319,
  "CNX": 1.996594,
  "CPC": 0.0005,
  "CRAVE": 0.4,
  "CRC": 0.08475,
  "CRE": 1.316485,
  "CRW": 0.02202,
  "CTO": 0.005,
  "CTR": 0.000765,
  "CVC": 0.158265,
  "DAS": 0.937816,
  "DASH": 45.574885,
  "DAT": 0.0013,
  "DATA": 0.0,
  "DBC": 0.003618,
  "DBET": 0.027656,
  "DCN": 0.00000142,
  "DCR": 20.554558,
  "DCT": 0.098996,
  "DEEP": 0.001,
  "DENT": 0.001479,
  "DGB": 0.01501,
  "DGD": 1078.323801,
  "DIM": 0.000094957,
  "DIME": 0.000030,
  "DMD": 0.58782,
  "DNT": 0.0687,
  "DOGE": 0.390406,
  "DRGN": 0.060113,
  "DRZ": 3.0,
  "DSH": 252.13175,
  "DTA": 0.000003250700187968447,
  "EC": 50.0,
  "EDG": 0.003038,
  "EDO": 0.61442,
  "EDR": 0.00023,
  "EKO": 0.0000008301772196152375,
  "ELA": 2.777,
  "ELF": 0.388737,
  "EMC": 0.079317,
  "EMGO": 0.43382,
  "ENG": 0.00098,
  "ENJ": 0.361065,
  "EOS": 1.038617,
  "ERT": 0.2054,
  "ETC": 30.342119,
  "ETH": 3685.760539,
  "ETN": 0.003609,
  "ETP": 0.005368,
  "ETT": 2.9,
  "EVR": 0.104931,
  "EVX": 0.002492,
  "FCT": 0.046775,
  "FLP": 0.015,
  "FOTA": 0.0000800170814086976,
  "FRST": 0.78001,
  "FUEL": 22.06471,
  "FUN": 0.004721,
  "FUNC": 0.00061,
  "FUTC": 0.004,
  "GAME": 0.004761,
  "GAS": 5.294069,
  "GBYTE": 30.384779,
  "GMX": 54.5,
  "GNO": 229.26495,
  "GNT": 0.0000000100021544245183,
  "GNX": 0.000695,
  "GRC": 0.0067,
  "GRS": 10.0,
  "GRWI": 10000.0,
  "GTC": 1.025498,
  "GTO": 0.118812,
  "GUP": 0.031372,
  "GVT": 12.098661,
  "GXS": 1.067152,
  "HAC": 0.049008,
  "HNC": 0.0,
  "HSR": 10.831507,
  "HST": 0.0027,
  "HVN": 0.03529,
  "ICN": 0.145231,
  "ICOS": 17.0,
  "ICX": 0.195257,
  "IGNIS": 0.004681,
  "ILC": 0.098703,
  "INK": 0.0006,
  "INS": 2.421497,
  "INSN": 0.0473,
  "INT": 0.000316,
  "IOP": 15.455555,
  "IOST": 0.008033,
  "ITC": 0.021415,
  "KCS": 5.33,
  "KICK": 0.000324,
  "KIN": 0.00001017,
  "KLC": 0.000703,
  "KMD": 0.326722,
  "KNC": 0.644645,
  "KRB": 6.0,
  "LA": 0.032541,
  "LEND": 4.58908,
  "LEO": 8.79178,
  "LINDA": 0.000271,
  "LINK": 22.038532,
  "LOC": 0.12,
  "LOG": 0.060174,
  "LRC": 0.282503,
  "LSK": 1.09504,
  "LTC": 110.986726,
  "LUN": 0.020583,
  "LUX": 0.00000209,
  "MAID": 0.469102,
  "MANA": 0.604383,
  "MCAP": 0.005398,
  "MCO": 0.845182,
  "MDA": 0.017904,
  "MDS": 0.000112,
  "MIOTA": 0.185361,
  "MKR": 1959.675,
  "MLN": 15.457,
  "MNX": 0.028649,
  "MOD": 0.335793,
  "MOIN": 0.033073,
  "MONA": 0.312281,
  "MTL": 1.298319,
  "MTN*": 0.009575,
  "MTX": 0.0007,
  "NAS": 0.004098,
  "NAV": 0.041529,
  "NBT": 0.001715,
  "NDC": 0.008989,
  "NEBL": 0.010028,
  "NEO": 17.160487,
  "NEU": 0.024194,
  "NEWB": 0.002604,
  "NGC": 0.027451,
  "NKC": 0.038763,
  "NLC2": 0.599935,
  "NMC": 5.867998,
  "NMR": 17.610187,
  "NULS": 0.476418,
  "NVC": 10.0,
  "NXT": 0.000951,
  "OAX": 0.193,
  "OBITS": 0.015,
  "OC": 0.000407,
  "OCN": 0.00003511742241276386,
  "ODN": 0.5,
  "OK": 0.011291,
  "OMG": 0.463545,
  "OMNI": 1.1,
  "ORE": 0.0,
  "ORME": 1.235715,
  "OST": 0.000224,
  "OTN": 0.0,
  "OTX": 0.023,
  "OXY": 0.0146,
  "PART": 3.951477,
  "PAY": 0.00828,
  "PBT": 50.676006,
  "PCS": 0.019961,
  "PIVX": 0.288759,
  "PIZZA": 0.001,
  "PLBT": 20.0,
  "PLR": 0.00311,
  "POE": 0.00000264841681022289,
  "POLY": 0.1246,
  "POSW": 0.48712,
  "POWR": 0.279454,
  "PPC": 0.37,
  "PPT": 0.041172,
  "PPY": 5.45,
  "PRC": 0.000030,
  "PRES": 0.219998,
  "PRG": 1.994244,
  "PRL": 1.364923,
  "PRO": 1.3671,
  "PURA": 0.25,
  "PUT": 0.0,
  "QASH": 0.015273,
  "QAU": 0.0,
  "QSP": 0.001275,
  "QTUM": 3.889627,
  "QUN": 0.008318,
  "R": 0.01052,
  "RBIES": 1.0,
  "RCN": 0.000927,
  "RDD": 0.00008301772196152375,
  "RDN": 0.0,
  "RDN*": 0.324446,
  "REBL": 0.000785,
  "REE": 0.000010,
  "REP": 0.581,
  "REQ": 0.123713,
  "REV": 0.000018,
  "RGC": 0.001,
  "RHOC": 0.178417,
  "RIYA": 0.090025,
  "RKC": 5.0,
  "RLC": 2.322622,
  "RPX": 0.061017,
  "RUFF": 0.000221,
  "SALT": 0.768708,
  "SAN": 0.044436,
  "SBC": 7.0,
  "SC": 0.006193,
  "SENT": 0.001,
  "SHIFT": 0.0,
  "SIB": 5.177,
  "SMART": 0.000026,
  "SMLY": 0.000060,
  "SMT*": 0.011226,
  "SNC": 0.047078,
  "SNGLS": 0.0000686206054995865,
  "SNM": 0.001764,
  "SNT": 0.051578,
  "SOL": 229.7456,
  "SPK": 0.0084,
  "SRN": 0.00008822649278518263,
  "STEEM": 0.240771,
  "STK": 0.102938,
  "STORJ": 0.497,
  "STRAT": 0.63864,
  "STU": 0.00019,
  "STX": 2.304216,
  "SUB": 0.000135,
  "SUR": 0.01,
  "SWFTC": 0.009954,
  "SYS": 0.141828,
  "TAAS": 10.0,
  "TESLA": 0.019139,
  "THC": 0.00098,
  "THETA": 2.432113,
  "THS": 0.00171,
  "TIO": 0.085,
  "TKN": 0.0,
  "TKY": 0.000995,
  "TNB": 0.00002500538606129575,
  "TNT": 0.009158,
  "TOA": 0.002397,
  "TRC": 6.2,
  "TRIG": 6.186747,
  "TRST": 0.04799,
  "TRUMP": 0.055,
  "TRX": 0.267029,
  "UBQ": 0.009802,
  "UNO": 13.4,
  "UNRC": 0.000060,
  "UQC": 8.0,
  "USDT": 0.99548,
  "UTK": 0.050752,
  "UTT": 0.00358,
  "VEE": 0.005342,
  "VEN": 20.109925,
  "VERI": 23.736235,
  "VIA": 0.013722,
  "VIB": 0.07546,
  "VIBE": 0.000618,
  "VOISE": 0.00018,
  "VOX": 0.200043,
  "VRS": 0.1375,
  "VTC": 0.06936,
  "VUC": 0.000099,
  "WABI": 0.0017,
  "WAVES": 1.826215,
  "WAX": 0.0492,
  "WC": 0.045,
  "WGR": 8215877160.607751,
  "WINGS": 0.00000980154145260505,
  "WLK": 0.0058,
  "WOP": 0.046453,
  "WPR": 0.04073,
  "WRC": 0.0023,
  "WTC": 0.004701,
  "XAUR": 0.10301,
  "XBP": 0.0027,
  "XBY": 0.2889,
  "XCP": 6.61604,
  "XCXT": 0.095658,
  "XDN": 0.00002371406228898514,
  "XEM": 0.029817,
  "XGB": 0.0015,
  "XHI": 0.001325,
  "XID": 0.010924,
  "XLM": 0.406524,
  "XMR": 183.605673,
  "XNC": 0.00018,
  "XRB": 20.542692,
  "XRP": 2.35926,
  "XTO": 0.324858,
  "XTZ": 1.38696,
  "XUC": 0.00082,
  "XVG": 0.010936,
  "XZC": 4.96985,
  "YEE": 0.00000200042703521744,
  "YOC": 0.00012,
  "YOYOW": 0.007843,
  "ZBC": 0.01006,
  "ZCL": 1.288269,
  "ZEC": 59.818896,
  "ZEN": 13.425978,
  "ZIL": 0.026404,
  "ZNY": 0.02,
  "ZRX": 0.571225,
  "ZSC": 0.00006629,
  "611": 0.389165
}