{
  "BTC": [
    19268.581035,
    48634.215243,
    17819.60989,
    43306.455663,
    96601.010334
  ],
  "ETH": [
    3624.742925,
    2471.622657,
    1547.821468
  ]
}